"ledger_id","record_type","status","reference","title","timestamp","evidence_url"
"1","completion_receipt","legacy_unlinked","backend#1422","Backend autonomy control plane","",""
"2","completion_receipt","legacy_unlinked","frontend#663","Frontend governed 8-lane control plane","",""
"3","completion_receipt","legacy_unlinked","frontend#493","Frontend autonomous integration","",""
"4","completion_receipt","legacy_unlinked","","Queue-label contradiction repair","",""
"5","completion_receipt","legacy_unlinked","","Provider-free autonomy proof","",""
"6","completion_receipt","legacy_unlinked","","Paid API Stage A","",""
"7","completion_receipt","legacy_unlinked","","Paid API Stage B — two concurrent real jobs","",""
"8","completion_receipt","legacy_unlinked","","Paid execution Budget Governor proof","",""
"9","completion_receipt","legacy_unlinked","backend#1423","PR #1423 deterministic worker tests — 87 passed","",""
"10","completion_receipt","legacy_unlinked","backend#1423","PR #1423 BUILD-088E exact-head validation","",""
"11","completion_receipt","legacy_unlinked","backend#1423","PR #1423 workflow-governance audit","",""
"12","completion_receipt","legacy_unlinked","backend#1423","PR #1423 Calyx conversation validation","",""
"13","completion_receipt","legacy_unlinked","backend#1423","PR #1423 CALYX-AGENT-003 validation","",""
"14","completion_receipt","legacy_unlinked","Brain#140","Two-week completion program","",""
"15","completion_receipt","legacy_unlinked","Brain#140","Continuous-completion/refill directive","",""
"16","completion_receipt","legacy_unlinked","frontend#662","Paid-execution authorization encoded","",""
"17","completion_receipt","legacy_unlinked","","Execution reservoir populated","",""
"","active","running","frontend#661","Canonical multi-lane coding dispatch / real oc-running proof","",""
"","active","running","frontend#662","Budget Governor + shared context + model router","",""
"","active","running","backend#608 / PR#1423","Worker integration / Stage C","",""
"","active","queued","frontend#166","Featured Genus media/context recovery","",""
"","active","queued","frontend#167","Thematic Earth/Atlas redesign","",""
"","active","queued","frontend#168","Frontend/backend contract recovery","",""
"","active","queued","frontend#169","Relationship / Knowledge Graph convergence","",""
"","active","queued","frontend#170","Contextual Public Calyx","",""
"","active","queued","frontend#610","Calyx Field / Lance pilot","",""
"","active","queued","frontend#243","Conservatory/OASIS + Buying Companion","",""
